learnerID,sitesVisited,step,pr(rr),pr(fr),pr(sr),randomNumber,nodeRecommendationID
1,4,3,0.238,0.877,1,0.158691,0
2,8,5,0.201,0.881,1,0.555115,6
3,10,1,0.215,0.875,1,0.351715,6
3,10,3,0.215,0.875,1,0.455292,1
3,10,5,0.215,0.875,1,0.805481,0
3,10,8,0.215,0.875,1,0.771698,4
4,13,6,0.229,0.865,1,0.921326,2
4,13,8,0.229,0.865,1,0.435547,6
4,13,10,0.229,0.865,1,0.811707,9
5,9,7,0.22,0.871,1,0.402832,4
6,19,0,0.22,0.863,1,0.901489,4
6,19,2,0.22,0.863,1,0.128265,0
6,19,7,0.22,0.863,1,0.197784,6
6,19,15,0.22,0.863,1,0.15448,9
6,19,17,0.22,0.863,1,0.2341,8
7,8,2,0.209,0.866,1,0.037659,4
7,8,5,0.209,0.866,1,0.7453,0
8,10,7,0.223,0.887,1,0.829102,0
8,10,8,0.223,0.887,1,0.13974,4
8,10,9,0.223,0.887,1,0.795563,9
9,13,0,0.199,0.871,1,0.690765,4
10,7,6,0.2,0.876,1,0.236633,8
11,2,1,0.194,0.867,1,0.311829,8
12,19,13,0.221,0.877,1,0.07135,7
12,19,14,0.221,0.877,1,0.574707,5
12,19,15,0.221,0.877,1,0.242828,4
12,19,16,0.221,0.877,1,0.278503,1
12,19,17,0.221,0.877,1,0.369781,6
13,8,0,0.232,0.87,1,0.716187,5
14,7,2,0.219,0.871,1,0.010742,5
14,7,6,0.219,0.871,1,0.223846,8
15,15,4,0.218,0.879,1,0.237122,5
15,15,5,0.218,0.879,1,0.367706,8
15,15,11,0.218,0.879,1,0.018768,2
15,15,12,0.218,0.879,1,0.15863,3
15,15,14,0.218,0.879,1,0.396637,1
17,16,2,0.22,0.885,1,0.981964,6
17,16,3,0.22,0.885,1,0.772308,5
17,16,7,0.22,0.885,1,0.435455,1
17,16,11,0.22,0.885,1,0.378784,9
17,16,14,0.22,0.885,1,0.89035,3
18,10,1,0.213,0.871,1,0.254639,1
18,10,5,0.213,0.871,1,0.551086,2
18,10,6,0.213,0.871,1,0.580994,3
18,10,7,0.213,0.871,1,0.613678,9
19,5,0,0.203,0.874,1,0.023346,0
20,16,8,0.203,0.875,1,0.117676,6
20,16,13,0.203,0.875,1,0.052521,4
20,16,15,0.203,0.875,1,0.067139,2
21,6,0,0.224,0.868,1,0.78418,4
22,11,3,0.213,0.886,1,0.303986,4
22,11,6,0.213,0.886,1,0.751007,0
23,1,0,0.201,0.886,1,0.028992,0
24,12,0,0.204,0.882,1,0.225983,0
25,15,5,0.222,0.878,1,0.312256,3
25,15,12,0.222,0.878,1,0.282623,0
25,15,13,0.222,0.878,1,0.099243,1
26,20,2,0.21,0.877,1,0.945343,0
26,20,9,0.21,0.877,1,0.712067,3
26,20,14,0.21,0.877,1,0.233765,9
27,10,0,0.197,0.884,1,0.019043,0
27,10,1,0.197,0.884,1,0.059387,8
27,10,5,0.197,0.884,1,0.839661,7
28,20,0,0.222,0.858,1,0.80072,7
28,20,5,0.222,0.858,1,0.013,0
28,20,12,0.222,0.858,1,0.621521,6
29,20,2,0.225,0.848,1,0.054749,4
29,20,12,0.225,0.848,1,0.014313,6
29,20,15,0.225,0.848,1,0.407135,9
30,13,6,0.214,0.883,1,0.716736,9
31,10,5,0.21,0.878,1,0.847565,4
31,10,6,0.21,0.878,1,0.113922,8
32,15,1,0.224,0.892,1,0.628632,7
32,15,5,0.224,0.892,1,0.605438,6
32,15,7,0.224,0.892,1,0.382385,4
32,15,9,0.224,0.892,1,0.113556,2
32,15,12,0.224,0.892,1,0.153351,0
33,22,0,0.215,0.885,1,0.667725,4
33,22,3,0.215,0.885,1,0.822906,0
33,22,4,0.215,0.885,1,0.166229,5
33,22,6,0.215,0.885,1,0.542236,8
33,22,7,0.215,0.885,1,0.290588,2
33,22,8,0.215,0.885,1,0.630554,7
33,22,10,0.215,0.885,1,0.857086,6
33,22,13,0.215,0.885,1,0.493958,9
35,23,0,0.211,0.883,1,0.34613,2
35,23,11,0.211,0.883,1,0.256958,3
35,23,13,0.211,0.883,1,0.066223,1
35,23,16,0.211,0.883,1,0.828827,0
35,23,20,0.211,0.883,1,0.870422,4
36,19,1,0.226,0.864,1,0.517822,2
36,19,4,0.226,0.864,1,0.051941,1
36,19,12,0.226,0.864,1,0.681091,0
37,9,1,0.204,0.862,1,0.827637,8
37,9,8,0.204,0.862,1,0.272461,3
38,27,0,0.186,0.87,1,0.969727,9
38,27,2,0.186,0.87,1,0.632996,1
38,27,12,0.186,0.87,1,0.975708,0
38,27,15,0.186,0.87,1,0.292236,4
38,27,20,0.186,0.87,1,0.681,2
38,27,22,0.186,0.87,1,0.374176,3
39,5,3,0.233,0.878,1,0.444977,1
40,16,3,0.217,0.889,1,0.816772,6
40,16,4,0.217,0.889,1,0.468079,9
40,16,8,0.217,0.889,1,0.264557,1
40,16,9,0.217,0.889,1,0.8992,5
40,16,13,0.217,0.889,1,0.5047,3
41,17,0,0.222,0.866,1,0.936157,6
41,17,1,0.222,0.866,1,0.780426,1
41,17,10,0.222,0.866,1,0.6008,0
41,17,13,0.222,0.866,1,0.746552,4
43,19,2,0.208,0.866,1,0.783417,2
43,19,5,0.208,0.866,1,0.046143,1
43,19,9,0.208,0.866,1,0.282013,6
43,19,16,0.208,0.866,1,0.651184,9
43,19,18,0.208,0.866,1,0.039978,4
44,18,2,0.229,0.874,1,0.699066,4
44,18,3,0.229,0.874,1,0.815155,5
44,18,5,0.229,0.874,1,0.424194,8
44,18,11,0.229,0.874,1,0.518005,7
44,18,16,0.229,0.874,1,0.898163,2
45,23,0,0.212,0.857,1,0.991852,5
45,23,4,0.212,0.857,1,0.50705,8
45,23,12,0.212,0.857,1,0.332794,7
45,23,13,0.212,0.857,1,0.754333,2
45,23,20,0.212,0.857,1,0.157776,0
46,15,0,0.215,0.874,1,0.388336,0
46,15,5,0.215,0.874,1,0.950073,5
46,15,13,0.215,0.874,1,0.369507,3
46,15,14,0.215,0.874,1,0.04483,9
47,10,3,0.204,0.889,1,0.035095,0
47,10,7,0.204,0.889,1,0.33667,6
47,10,9,0.204,0.889,1,0.837952,1
49,29,2,0.196,0.879,1,0.255249,1
49,29,3,0.196,0.879,1,0.80426,0
49,29,4,0.196,0.879,1,0.389252,3
49,29,9,0.196,0.879,1,0.372284,9
49,29,14,0.196,0.879,1,0.956543,4
49,29,19,0.196,0.879,1,0.918274,6
49,29,23,0.196,0.879,1,0.213806,8
49,29,26,0.196,0.879,1,0.325684,5
50,11,10,0.227,0.872,1,0.809723,9
52,16,11,0.214,0.861,1,0.79895,0
52,16,12,0.214,0.861,1,0.76944,6
53,21,0,0.213,0.877,1,0.701935,6
53,21,10,0.213,0.877,1,0.436493,4
53,21,15,0.213,0.877,1,0.220764,2
53,21,19,0.213,0.877,1,0.923126,0
54,20,1,0.213,0.88,1,0.651703,4
54,20,5,0.213,0.88,1,0.039032,5
54,20,12,0.213,0.88,1,0.138184,8
54,20,14,0.213,0.88,1,0.691223,2
55,20,1,0.214,0.885,1,0.793945,0
55,20,4,0.214,0.885,1,0.313385,5
55,20,5,0.214,0.885,1,0.557373,7
55,20,7,0.214,0.885,1,0.591034,8
55,20,12,0.214,0.885,1,0.848053,3
55,20,14,0.214,0.885,1,0.499359,9
55,20,17,0.214,0.885,1,0.182617,1
55,20,18,0.214,0.885,1,0.605896,2
56,12,3,0.225,0.878,1,0.536774,3
57,27,12,0.2,0.865,1,0.349121,1
57,27,17,0.2,0.865,1,0.29306,0
57,27,20,0.2,0.865,1,0.96106,3
57,27,26,0.2,0.865,1,0.246765,8
58,10,4,0.205,0.87,1,0.629028,3
59,19,8,0.222,0.869,1,0.113068,9
59,19,13,0.222,0.869,1,0.500458,1
60,19,2,0.205,0.864,1,0.386841,0
60,19,3,0.205,0.864,1,0.238312,3
60,19,6,0.205,0.864,1,0.925476,9
60,19,17,0.205,0.864,1,0.680542,1
61,9,3,0.234,0.885,1,0.31134,0
61,9,4,0.234,0.885,1,0.324829,4
61,9,8,0.234,0.885,1,0.612274,9
63,14,2,0.217,0.88,1,0.205322,4
63,14,9,0.217,0.88,1,0.324249,2
63,14,12,0.217,0.88,1,0.395233,0
64,14,2,0.203,0.902,1,0.092102,6
64,14,3,0.203,0.902,1,0.33432,2
64,14,4,0.203,0.902,1,0.811005,0
64,14,8,0.203,0.902,1,0.732513,4
64,14,10,0.203,0.902,1,0.862976,1
65,18,0,0.204,0.878,1,0.645996,6
65,18,1,0.204,0.878,1,0.366119,5
65,18,6,0.204,0.878,1,0.791626,8
65,18,13,0.204,0.878,1,0.780518,2
65,18,17,0.204,0.878,1,0.227631,0
66,17,0,0.211,0.857,1,0.634644,0
66,17,8,0.211,0.857,1,0.106689,5
66,17,10,0.211,0.857,1,0.061646,8
66,17,13,0.211,0.857,1,0.365051,3
66,17,16,0.211,0.857,1,0.507996,9
67,9,0,0.209,0.865,1,0.438263,1
67,9,5,0.209,0.865,1,0.911987,3
67,9,8,0.209,0.865,1,0.812866,2
68,17,5,0.222,0.872,1,0.606537,3
68,17,13,0.222,0.872,1,0.422119,1
69,19,14,0.226,0.871,1,0.704865,6
70,13,0,0.212,0.871,1,0.690979,5
70,13,3,0.212,0.871,1,0.106018,1
70,13,6,0.212,0.871,1,0.875549,7
70,13,9,0.212,0.871,1,0.507355,6
70,13,12,0.212,0.871,1,0.169739,9
71,20,0,0.189,0.874,1,0.532928,2
71,20,16,0.189,0.874,1,0.738342,4
72,13,2,0.221,0.887,1,0.841248,2
72,13,4,0.221,0.887,1,0.871643,1
72,13,9,0.221,0.887,1,0.933228,5
73,18,6,0.207,0.879,1,0.429169,5
73,18,7,0.207,0.879,1,0.551819,6
73,18,13,0.207,0.879,1,0.436249,7
74,21,1,0.228,0.885,1,0.296143,1
74,21,13,0.228,0.885,1,0.522614,7
74,21,17,0.228,0.885,1,0.401855,5
75,1,0,0.223,0.888,1,0.27182,5
76,20,4,0.213,0.869,1,0.249084,5
76,20,6,0.213,0.869,1,0.778931,8
76,20,19,0.213,0.869,1,0.715088,2
77,17,0,0.196,0.897,1,0.815521,0
77,17,1,0.196,0.897,1,0.819305,4
77,17,3,0.196,0.897,1,0.770935,6
77,17,5,0.196,0.897,1,0.397278,3
77,17,9,0.196,0.897,1,0.55011,1
77,17,16,0.196,0.897,1,0.420685,5
78,20,4,0.219,0.868,1,0.975555,5
78,20,10,0.219,0.868,1,0.029602,6
78,20,14,0.219,0.868,1,0.85141,0
78,20,17,0.219,0.868,1,0.041992,4
78,20,18,0.219,0.868,1,0.204651,9
79,17,1,0.208,0.874,1,0.254913,4
79,17,5,0.208,0.874,1,0.618256,0
79,17,12,0.208,0.874,1,0.899445,6
80,7,5,0.21,0.89,1,0.963135,4
81,25,0,0.209,0.869,1,0.41748,4
81,25,8,0.209,0.869,1,0.335541,0
81,25,12,0.209,0.869,1,0.402344,9
81,25,18,0.209,0.869,1,0.058594,2
81,25,22,0.209,0.869,1,0.823975,3
82,16,0,0.223,0.881,1,0.312622,1
82,16,12,0.223,0.881,1,0.199249,6
82,16,13,0.223,0.881,1,0.551178,5
83,18,11,0.218,0.895,1,0.048279,1
83,18,12,0.218,0.895,1,0.118225,0
84,8,1,0.214,0.872,1,0.233887,3
84,8,5,0.214,0.872,1,0.528839,0
84,8,6,0.214,0.872,1,0.0849,1
85,19,2,0.235,0.869,1,0.686951,0
85,19,6,0.235,0.869,1,0.05365,4
85,19,18,0.235,0.869,1,0.592682,9
86,11,4,0.209,0.879,1,0.108734,2
87,7,1,0.208,0.852,1,0.413422,4
87,7,3,0.208,0.852,1,0.293304,0
89,12,2,0.221,0.874,1,0.884827,4
89,12,6,0.221,0.874,1,0.120331,6
89,12,8,0.221,0.874,1,0.655701,0
90,22,4,0.231,0.886,1,0.910034,6
90,22,10,0.231,0.886,1,0.592285,4
90,22,21,0.231,0.886,1,0.805756,0
91,3,0,0.202,0.896,1,0.866608,0
92,5,2,0.223,0.879,1,0.55426,0
92,5,3,0.223,0.879,1,0.105042,4
93,17,2,0.21,0.867,1,0.749054,4
93,17,14,0.21,0.867,1,0.920502,2
93,17,15,0.21,0.867,1,0.574341,5
94,21,2,0.209,0.886,1,0.215485,1
94,21,18,0.209,0.886,1,0.830688,6
97,15,3,0.208,0.878,1,0.455414,9
97,15,8,0.208,0.878,1,0.35437,2
97,15,13,0.208,0.878,1,0.040161,3
98,13,0,0.224,0.865,1,0.328827,1
98,13,2,0.224,0.865,1,0.732422,0
98,13,3,0.224,0.865,1,0.895752,3
98,13,6,0.224,0.865,1,0.930817,8
98,13,7,0.224,0.865,1,0.311035,9
99,18,2,0.227,0.863,1,0.780853,0
99,18,3,0.227,0.863,1,0.672302,3
99,18,13,0.227,0.863,1,0.092743,9
99,18,15,0.227,0.863,1,0.771729,4
99,18,16,0.227,0.863,1,0.767914,6
100,18,1,0.197,0.911,1,0.846375,9
100,18,4,0.197,0.911,1,0.844971,3
100,18,6,0.197,0.911,1,0.705475,1
100,18,12,0.197,0.911,1,0.211395,4
100,18,17,0.197,0.911,1,0.87619,6
101,19,1,0.193,0.891,1,0.377502,9
101,19,2,0.193,0.891,1,0.648285,2
101,19,6,0.193,0.891,1,0.1492,1
101,19,9,0.193,0.891,1,0.273773,3
102,6,2,0.24,0.882,1,0.77005,9
102,6,3,0.24,0.882,1,0.637695,1
102,6,4,0.24,0.882,1,0.534729,0
104,12,0,0.207,0.881,1,0.566132,0
104,12,8,0.207,0.881,1,0.356812,4
105,8,4,0.208,0.866,1,0.325592,2
105,8,5,0.208,0.866,1,0.236908,3
106,4,0,0.206,0.865,1,0.687073,1
107,16,2,0.192,0.852,1,0.04126,6
107,16,3,0.192,0.852,1,0.407501,5
107,16,7,0.192,0.852,1,0.902618,8
107,16,9,0.192,0.852,1,0.743011,0
107,16,14,0.192,0.852,1,0.347015,4
108,14,3,0.193,0.877,1,0.566528,4
108,14,9,0.193,0.877,1,0.898773,0
109,16,3,0.231,0.872,1,0.262573,4
109,16,8,0.231,0.872,1,0.938293,0
109,16,10,0.231,0.872,1,0.563324,9
109,16,15,0.231,0.872,1,0.768738,3
110,13,9,0.223,0.855,1,0.435852,9
110,13,10,0.223,0.855,1,0.065063,4
111,6,2,0.214,0.883,1,0.992645,5
111,6,3,0.214,0.883,1,0.926544,6
112,4,1,0.234,0.856,1,0.712067,5
112,4,3,0.234,0.856,1,0.568268,8
113,10,1,0.21,0.878,1,0.112152,3
113,10,4,0.21,0.878,1,0.713959,9
113,10,9,0.21,0.878,1,0.651611,1
114,23,7,0.199,0.88,1,0.972809,6
114,23,12,0.199,0.88,1,0.300415,3
114,23,17,0.199,0.88,1,0.019836,1
114,23,22,0.199,0.88,1,0.826508,5
115,6,3,0.207,0.883,1,0.997528,5
115,6,4,0.207,0.883,1,0.854065,6
116,10,0,0.209,0.867,1,0.469025,9
116,10,1,0.209,0.867,1,0.16214,6
116,10,4,0.209,0.867,1,0.962646,4
116,10,5,0.209,0.867,1,0.361389,5
116,10,8,0.209,0.867,1,0.061646,1
116,10,9,0.209,0.867,1,0.129669,7
117,5,1,0.229,0.881,1,0.111694,5
118,22,0,0.214,0.881,1,0.607086,5
118,22,1,0.214,0.881,1,0.703705,4
118,22,2,0.214,0.881,1,0.479645,9
118,22,4,0.214,0.881,1,0.638336,0
118,22,5,0.214,0.881,1,0.757629,7
118,22,13,0.214,0.881,1,0.039185,3
119,9,1,0.236,0.884,1,0.798523,0
119,9,2,0.236,0.884,1,0.835022,6
119,9,4,0.236,0.884,1,0.536346,4
119,9,5,0.236,0.884,1,0.574402,2
119,9,8,0.236,0.884,1,0.534607,8
120,14,3,0.211,0.859,1,0.151154,0
120,14,10,0.211,0.859,1,0.97757,5
120,14,12,0.211,0.859,1,0.572266,8
121,22,1,0.194,0.843,1,0.434998,5
121,22,7,0.194,0.843,1,0.333191,8
121,22,11,0.194,0.843,1,0.293396,2
121,22,12,0.194,0.843,1,0.583313,0
121,22,15,0.194,0.843,1,0.562531,6
121,22,17,0.194,0.843,1,0.294434,4
122,13,3,0.211,0.87,1,0.01297,2
122,13,11,0.211,0.87,1,0.412109,5
123,8,2,0.198,0.873,1,0.811981,1
123,8,4,0.198,0.873,1,0.41156,4
123,8,5,0.198,0.873,1,0.747253,0
123,8,6,0.198,0.873,1,0.231812,3
125,15,4,0.231,0.883,1,0.377777,0
125,15,7,0.231,0.883,1,0.022034,3
125,15,11,0.231,0.883,1,0.934479,9
126,9,1,0.217,0.876,1,0.990234,0
126,9,5,0.217,0.876,1,0.217316,9
126,9,6,0.217,0.876,1,0.084595,1
126,9,7,0.217,0.876,1,0.027802,2
127,12,2,0.22,0.875,1,0.468964,2
127,12,4,0.22,0.875,1,0.588287,3
127,12,6,0.22,0.875,1,0.186127,1
127,12,7,0.22,0.875,1,0.571136,6
127,12,9,0.22,0.875,1,0.930115,9
127,12,10,0.22,0.875,1,0.202271,4
128,16,6,0.218,0.892,1,0.758942,9
128,16,7,0.218,0.892,1,0.16275,2
128,16,12,0.218,0.892,1,0.608307,3
128,16,13,0.218,0.892,1,0.511139,1
128,16,14,0.218,0.892,1,0.163422,6
129,12,3,0.231,0.881,1,0.999664,1
129,12,4,0.231,0.881,1,0.109741,5
129,12,5,0.231,0.881,1,0.911957,6
130,9,0,0.198,0.868,1,0.725983,1
130,9,5,0.198,0.868,1,0.977234,0
131,3,1,0.221,0.878,1,0.353424,0
132,15,0,0.201,0.885,1,0.434479,4
132,15,3,0.201,0.885,1,0.636597,2
132,15,5,0.201,0.885,1,0.717255,0
132,15,9,0.201,0.885,1,0.415222,8
133,6,1,0.213,0.864,1,0.889984,3
133,6,5,0.213,0.864,1,0.31543,9
134,11,5,0.233,0.859,1,0.477783,8
134,11,8,0.233,0.859,1,0.954071,0
135,7,0,0.209,0.871,1,0.967285,8
135,7,1,0.209,0.871,1,0.889343,0
135,7,5,0.209,0.871,1,0.248688,9
136,12,0,0.21,0.877,1,0.24588,3
136,12,1,0.21,0.877,1,0.550995,1
136,12,2,0.21,0.877,1,0.771423,0
136,12,6,0.21,0.877,1,0.674774,8
138,14,3,0.223,0.859,1,0.223602,0
138,14,7,0.223,0.859,1,0.752747,4
139,11,1,0.227,0.866,1,0.366211,4
139,11,2,0.227,0.866,1,0.346191,2
139,11,3,0.227,0.866,1,0.559479,0
140,12,6,0.228,0.882,1,0.214386,0
141,10,4,0.199,0.876,1,0.04834,0
141,10,5,0.199,0.876,1,0.043823,6
141,10,7,0.199,0.876,1,0.011627,2
143,8,1,0.21,0.882,1,0.502838,0
145,15,0,0.217,0.882,1,0.723297,0
145,15,9,0.217,0.882,1,0.209747,4
145,15,14,0.217,0.882,1,0.83667,9
146,14,1,0.213,0.869,1,0.577576,4
146,14,2,0.213,0.869,1,0.766388,5
146,14,6,0.213,0.869,1,0.045471,7
146,14,10,0.213,0.869,1,0.88327,8
146,14,11,0.213,0.869,1,0.521942,9
147,20,5,0.205,0.885,1,0.348206,5
147,20,6,0.205,0.885,1,0.285553,8
147,20,9,0.205,0.885,1,0.979431,2
147,20,14,0.205,0.885,1,0.217316,0
147,20,15,0.205,0.885,1,0.657806,3
147,20,17,0.205,0.885,1,0.193909,9
147,20,18,0.205,0.885,1,0.493988,1
148,5,2,0.218,0.877,1,0.758331,0
148,5,3,0.218,0.877,1,0.971924,4
149,4,1,0.213,0.864,1,0.295319,0
151,24,1,0.226,0.858,1,0.62384,6
151,24,5,0.226,0.858,1,0.800751,4
151,24,8,0.226,0.858,1,0.506104,9
151,24,9,0.226,0.858,1,0.879486,0
151,24,11,0.226,0.858,1,0.949585,3
151,24,16,0.226,0.858,1,0.029785,8
151,24,19,0.226,0.858,1,0.752136,7
151,24,20,0.226,0.858,1,0.098419,2
152,19,2,0.209,0.872,1,0.835571,6
152,19,11,0.209,0.872,1,0.297211,2
152,19,13,0.209,0.872,1,0.60083,0
154,3,0,0.219,0.872,1,0.609497,0
154,3,1,0.219,0.872,1,0.12207,7
155,20,6,0.214,0.88,1,0.945679,5
155,20,9,0.214,0.88,1,0.619293,8
155,20,13,0.214,0.88,1,0.736572,7
156,11,2,0.224,0.875,1,0.289886,5
156,11,3,0.224,0.875,1,0.714905,8
156,11,6,0.224,0.875,1,0.559357,3
156,11,7,0.224,0.875,1,0.105011,9
157,24,2,0.224,0.864,1,0.249207,0
157,24,14,0.224,0.864,1,0.018158,4
157,24,18,0.224,0.864,1,0.023193,9
157,24,22,0.224,0.864,1,0.862518,8
158,29,7,0.203,0.87,1,0.460114,4
158,29,8,0.203,0.87,1,0.24939,5
158,29,13,0.203,0.87,1,0.054108,8
158,29,21,0.203,0.87,1,0.159943,7
158,29,22,0.203,0.87,1,0.182129,2
158,29,23,0.203,0.87,1,0.082458,6
159,10,0,0.24,0.884,1,0.187408,5
159,10,8,0.24,0.884,1,0.46405,7
160,9,3,0.221,0.879,1,0.604126,5
161,9,1,0.212,0.889,1,0.467621,4
161,9,4,0.212,0.889,1,0.933502,1
162,14,5,0.212,0.87,1,0.947601,1
162,14,13,0.212,0.87,1,0.181671,7
163,19,1,0.191,0.889,1,0.578094,5
163,19,4,0.191,0.889,1,0.874176,8
164,10,9,0.201,0.871,1,0.727478,7
166,26,1,0.222,0.856,1,0.030212,2
166,26,8,0.222,0.856,1,0.148682,4
167,10,0,0.228,0.877,1,0.855042,4
167,10,3,0.228,0.877,1,0.560059,2
168,15,4,0.206,0.884,1,0.627502,0
168,15,5,0.206,0.884,1,0.274719,4
168,15,6,0.206,0.884,1,0.198914,5
168,15,9,0.206,0.884,1,0.025421,8
168,15,11,0.206,0.884,1,0.92099,2
168,15,12,0.206,0.884,1,0.577087,7
168,15,13,0.206,0.884,1,0.962585,3
169,12,4,0.238,0.856,1,0.966827,5
169,12,6,0.238,0.856,1,0.125031,8
169,12,8,0.238,0.856,1,0.223206,3
170,22,4,0.204,0.855,1,0.839783,9
170,22,6,0.204,0.855,1,0.538208,1
170,22,8,0.204,0.855,1,0.250061,6
170,22,14,0.204,0.855,1,0.731812,4
170,22,18,0.204,0.855,1,0.435516,5
170,22,19,0.204,0.855,1,0.523407,8
171,33,7,0.201,0.878,1,0.836975,2
171,33,10,0.201,0.878,1,0.390869,0
171,33,12,0.201,0.878,1,0.702759,5
171,33,21,0.201,0.878,1,0.043152,7
171,33,23,0.201,0.878,1,0.112488,1
171,33,27,0.201,0.878,1,0.65863,6
172,22,9,0.206,0.87,1,0.907135,9
172,22,11,0.206,0.87,1,0.108887,6
172,22,13,0.206,0.87,1,0.792877,7
172,22,15,0.206,0.87,1,0.986237,5
172,22,16,0.206,0.87,1,0.985626,3
172,22,18,0.206,0.87,1,0.044739,1
174,6,2,0.213,0.863,1,0.338593,6
174,6,5,0.213,0.863,1,0.500458,5
175,3,2,0.219,0.88,1,0.93573,5
176,12,5,0.202,0.876,1,0.886536,5
176,12,6,0.202,0.876,1,0.253235,7
176,12,9,0.202,0.876,1,0.132416,8
179,17,5,0.212,0.857,1,0.28183,5
179,17,6,0.212,0.857,1,0.379303,8
179,17,9,0.212,0.857,1,0.303528,3
179,17,11,0.212,0.857,1,0.561554,9
179,17,13,0.212,0.857,1,0.287323,1
179,17,15,0.212,0.857,1,0.613953,6
180,7,0,0.191,0.884,1,0.916351,5
181,11,0,0.201,0.862,1,0.729797,5
181,11,6,0.201,0.862,1,0.164246,8
181,11,7,0.201,0.862,1,0.33963,2
182,11,3,0.215,0.891,1,0.84845,2
182,11,5,0.215,0.891,1,0.885101,7
183,15,1,0.223,0.861,1,0.654877,5
183,15,3,0.223,0.861,1,0.64801,8
183,15,6,0.223,0.861,1,0.63443,2
183,15,9,0.223,0.861,1,0.725403,0
183,15,13,0.223,0.861,1,0.083588,7
183,15,14,0.223,0.861,1,0.657623,1
184,22,0,0.216,0.872,1,0.603149,6
184,22,20,0.216,0.872,1,0.962616,5
184,22,21,0.216,0.872,1,0.581421,7
185,18,1,0.227,0.879,1,0.037201,7
185,18,9,0.227,0.879,1,0.7789,5
185,18,10,0.227,0.879,1,0.839478,4
186,15,0,0.232,0.889,1,0.778259,4
186,15,1,0.232,0.889,1,0.861633,9
186,15,9,0.232,0.889,1,0.924927,0
186,15,12,0.232,0.889,1,0.484344,8
187,6,0,0.198,0.879,1,0.919403,4
187,6,1,0.198,0.879,1,0.601593,0
187,6,2,0.198,0.879,1,0.294769,8
188,19,2,0.212,0.881,1,0.385773,7
188,19,14,0.212,0.881,1,0.659363,5
188,19,17,0.212,0.881,1,0.680237,8
188,19,18,0.212,0.881,1,0.559235,3
189,30,5,0.208,0.857,1,0.799866,9
189,30,19,0.208,0.857,1,0.817566,1
189,30,20,0.208,0.857,1,0.975403,3
189,30,21,0.208,0.857,1,0.194397,2
189,30,24,0.208,0.857,1,0.900299,6
189,30,25,0.208,0.857,1,0.741821,0
189,30,27,0.208,0.857,1,0.796051,4
191,13,8,0.215,0.881,1,0.697083,2
192,14,1,0.226,0.883,1,0.195282,2
192,14,4,0.226,0.883,1,0.512665,6
192,14,7,0.226,0.883,1,0.726898,9
192,14,10,0.226,0.883,1,0.593323,3
192,14,13,0.226,0.883,1,0.185333,1
193,15,7,0.202,0.888,1,0.706055,0
193,15,11,0.202,0.888,1,0.635162,3
193,15,12,0.202,0.888,1,0.192932,1
194,16,0,0.2,0.872,1,0.91095,0
194,16,3,0.2,0.872,1,0.142273,1
195,5,1,0.231,0.892,1,0.132721,0
195,5,2,0.231,0.892,1,0.614929,4
195,5,3,0.231,0.892,1,0.912445,9
196,17,7,0.218,0.878,1,0.13974,4
196,17,9,0.218,0.878,1,0.7724,2
196,17,11,0.218,0.878,1,0.878448,0
196,17,13,0.218,0.878,1,0.060822,8
196,17,15,0.218,0.878,1,0.238281,7
197,10,0,0.21,0.87,1,0.83078,5
197,10,3,0.21,0.87,1,0.805634,8
197,10,4,0.21,0.87,1,0.781067,7
197,10,6,0.21,0.87,1,0.596893,4
197,10,8,0.21,0.87,1,0.697723,2
198,23,14,0.216,0.879,1,0.744324,5
198,23,18,0.216,0.879,1,0.635834,8
199,11,9,0.219,0.875,1,0.246124,8
200,13,7,0.233,0.874,1,0.915527,5
201,10,4,0.226,0.891,1,0.264954,5
201,10,5,0.226,0.891,1,0.328339,8
202,26,0,0.201,0.903,1,0.678589,2
202,26,2,0.201,0.903,1,0.492584,7
202,26,14,0.201,0.903,1,0.033569,5
202,26,17,0.201,0.903,1,0.982239,1
202,26,21,0.201,0.903,1,0.002289,6
202,26,22,0.201,0.903,1,0.6185,9
203,18,0,0.22,0.862,1,0.382629,7
203,18,1,0.22,0.862,1,0.782501,1
203,18,7,0.22,0.862,1,0.171387,0
203,18,10,0.22,0.862,1,0.516998,4
203,18,15,0.22,0.862,1,0.912445,2
204,24,7,0.214,0.86,1,0.112671,2
204,24,12,0.214,0.86,1,0.459167,4
204,24,14,0.214,0.86,1,0.787842,5
204,24,16,0.214,0.86,1,0.664612,1
204,24,17,0.214,0.86,1,0.590363,6
205,12,0,0.212,0.893,1,0.830475,6
205,12,1,0.212,0.893,1,0.719208,9
206,12,0,0.201,0.865,1,0.717529,2
207,12,4,0.238,0.862,1,0.712311,4
207,12,7,0.238,0.862,1,0.188843,2
207,12,8,0.238,0.862,1,0.563568,0
207,12,10,0.238,0.862,1,0.74234,6
207,12,11,0.238,0.862,1,0.824371,9
208,18,1,0.194,0.875,1,0.715332,2
208,18,2,0.194,0.875,1,0.821259,3
208,18,7,0.194,0.875,1,0.938416,1
208,18,10,0.194,0.875,1,0.104614,9
208,18,17,0.194,0.875,1,0.616882,6
209,20,4,0.222,0.885,1,0.311066,9
209,20,6,0.222,0.885,1,0.595673,2
209,20,8,0.222,0.885,1,0.123932,1
209,20,9,0.222,0.885,1,0.342743,6
209,20,13,0.222,0.885,1,0.433258,5
209,20,15,0.222,0.885,1,0.555328,8
210,7,5,0.192,0.877,1,0.960297,5
210,7,6,0.192,0.877,1,0.194977,8
211,11,5,0.204,0.863,1,0.110321,5
212,1,0,0.211,0.884,1,0.431152,8
214,21,3,0.192,0.876,1,0.043762,3
214,21,4,0.192,0.876,1,0.13739,9
214,21,6,0.192,0.876,1,0.026855,0
214,21,11,0.192,0.876,1,0.925812,4
214,21,12,0.192,0.876,1,0.205688,8
214,21,13,0.192,0.876,1,0.193848,6
216,5,0,0.233,0.876,1,0.319702,0
216,5,1,0.233,0.876,1,0.536438,6
216,5,4,0.233,0.876,1,0.793671,4
217,22,0,0.234,0.862,1,0.523224,4
217,22,2,0.234,0.862,1,0.078033,9
217,22,6,0.234,0.862,1,0.147491,3
217,22,7,0.234,0.862,1,0.886047,1
217,22,12,0.234,0.862,1,0.63269,0
217,22,19,0.234,0.862,1,0.037231,8
218,6,5,0.21,0.868,1,0.15564,3
219,8,0,0.23,0.886,1,0.518585,9
219,8,1,0.23,0.886,1,0.502258,1
219,8,2,0.23,0.886,1,0.999634,0
219,8,3,0.23,0.886,1,0.312439,3
220,12,1,0.223,0.869,1,0.54776,9
220,12,2,0.223,0.869,1,0.432556,1
220,12,8,0.223,0.869,1,0.384399,2
220,12,9,0.223,0.869,1,0.868622,0
221,25,2,0.212,0.891,1,0.949829,0
221,25,3,0.212,0.891,1,0.702271,8
221,25,5,0.212,0.891,1,0.68335,7
221,25,7,0.212,0.891,1,0.975586,5
221,25,11,0.212,0.891,1,0.279053,3
221,25,19,0.212,0.891,1,0.68927,9
221,25,23,0.212,0.891,1,0.620087,4
223,5,4,0.208,0.871,1,0.5448,0
224,21,1,0.232,0.869,1,0.39502,6
224,21,2,0.232,0.869,1,0.003906,4
224,21,4,0.232,0.869,1,0.609344,9
224,21,5,0.232,0.869,1,0.136963,2
224,21,6,0.232,0.869,1,0.653809,0
224,21,9,0.232,0.869,1,0.583588,3
224,21,13,0.232,0.869,1,0.487,1
225,14,0,0.199,0.869,1,0.807556,6
225,14,3,0.199,0.869,1,0.553955,9
226,18,0,0.223,0.886,1,0.231537,6
226,18,1,0.223,0.886,1,0.285339,5
226,18,5,0.223,0.886,1,0.742065,8
226,18,6,0.223,0.886,1,0.252808,3
226,18,7,0.223,0.886,1,0.38974,9
226,18,16,0.223,0.886,1,0.916168,0
227,5,1,0.224,0.88,1,0.923309,0
228,3,1,0.234,0.869,1,0.851288,0
229,8,0,0.239,0.852,1,0.667267,6
229,8,1,0.239,0.852,1,0.599976,4
229,8,4,0.239,0.852,1,0.812958,9
229,8,6,0.239,0.852,1,0.078491,0
230,16,1,0.211,0.863,1,0.223572,4
230,16,2,0.211,0.863,1,0.943115,5
230,16,4,0.211,0.863,1,0.978394,8
231,26,1,0.208,0.869,1,0.924774,5
231,26,3,0.208,0.869,1,0.713409,8
231,26,4,0.208,0.869,1,0.099609,3
231,26,12,0.208,0.869,1,0.046906,9
231,26,13,0.208,0.869,1,0.117249,1
231,26,23,0.208,0.869,1,0.693878,2
234,10,0,0.214,0.878,1,0.320282,2
235,12,2,0.217,0.89,1,0.401337,2
235,12,8,0.217,0.89,1,0.284821,0
235,12,10,0.217,0.89,1,0.094666,4
236,23,0,0.216,0.854,1,0.40036,4
236,23,7,0.216,0.854,1,0.019684,9
236,23,9,0.216,0.854,1,0.338287,2
236,23,12,0.216,0.854,1,0.882782,3
236,23,20,0.216,0.854,1,0.873993,1
237,19,0,0.226,0.878,1,0.318024,2
237,19,1,0.226,0.878,1,0.507202,4
237,19,2,0.226,0.878,1,0.036224,1
237,19,3,0.226,0.878,1,0.576233,5
237,19,5,0.226,0.878,1,0.214783,8
237,19,8,0.226,0.878,1,0.058594,7
237,19,10,0.226,0.878,1,0.477142,6
238,18,5,0.218,0.856,1,0.385132,2
238,18,7,0.218,0.856,1,0.718414,0
239,17,2,0.2,0.882,1,0.444702,0
239,17,7,0.2,0.882,1,0.22464,3
239,17,10,0.2,0.882,1,0.331543,1
239,17,11,0.2,0.882,1,0.365387,9
239,17,12,0.2,0.882,1,0.308136,4
239,17,13,0.2,0.882,1,0.776947,8
240,11,5,0.195,0.868,1,0.298889,4
240,11,6,0.195,0.868,1,0.96283,7
240,11,8,0.195,0.868,1,0.220795,0
241,16,0,0.232,0.878,1,0.752411,7
241,16,4,0.232,0.878,1,0.821442,0
241,16,11,0.232,0.878,1,0.498932,6
241,16,13,0.232,0.878,1,0.62915,1
242,18,2,0.187,0.877,1,0.746094,0
242,18,4,0.187,0.877,1,0.550293,8
242,18,6,0.187,0.877,1,0.404785,7
244,12,2,0.189,0.859,1,0.867737,7
244,12,3,0.189,0.859,1,0.052612,0
245,19,2,0.215,0.864,1,0.107208,7
245,19,11,0.215,0.864,1,0.819,5
246,11,0,0.206,0.873,1,0.082397,7
246,11,4,0.206,0.873,1,0.774628,5
246,11,10,0.206,0.873,1,0.658661,8
247,11,3,0.212,0.891,1,0.140472,3
247,11,4,0.212,0.891,1,0.487274,9
247,11,7,0.212,0.891,1,0.127258,0
247,11,8,0.212,0.891,1,0.064331,8
248,5,0,0.223,0.872,1,0.033112,9
248,5,1,0.223,0.872,1,0.755798,3
248,5,3,0.223,0.872,1,0.22467,1
248,5,4,0.223,0.872,1,0.760895,6
249,36,0,0.224,0.865,1,0.460571,5
249,36,1,0.224,0.865,1,0.205139,1
249,36,3,0.224,0.865,1,0.659485,6
249,36,4,0.224,0.865,1,0.064667,9
249,36,6,0.224,0.865,1,0.878143,3
249,36,13,0.224,0.865,1,0.678986,2
249,36,34,0.224,0.865,1,0.571259,4
250,5,2,0.21,0.855,1,0.366852,4
251,8,4,0.209,0.895,1,0.761383,4
251,8,7,0.209,0.895,1,0.907562,0
252,18,3,0.19,0.859,1,0.922394,4
252,18,6,0.19,0.859,1,0.406799,0
253,6,1,0.225,0.87,1,0.881744,4
253,6,4,0.225,0.87,1,0.388641,0
254,15,4,0.224,0.888,1,0.2117,4
254,15,8,0.224,0.888,1,0.032227,6
254,15,12,0.224,0.888,1,0.923889,0
255,23,0,0.211,0.877,1,0.327698,0
255,23,2,0.211,0.877,1,0.703644,6
255,23,6,0.211,0.877,1,0.534485,1
255,23,7,0.211,0.877,1,0.429993,5
255,23,12,0.211,0.877,1,0.176422,8
255,23,13,0.211,0.877,1,0.45578,3
255,23,22,0.211,0.877,1,0.950714,9
256,11,0,0.221,0.878,1,0.549286,9
256,11,7,0.221,0.878,1,0.235229,0
256,11,10,0.221,0.878,1,0.334595,8
257,23,2,0.215,0.874,1,0.368988,9
257,23,10,0.215,0.874,1,0.983429,3
258,15,1,0.221,0.871,1,0.844879,3
258,15,4,0.221,0.871,1,0.53537,1
258,15,11,0.221,0.871,1,0.06723,6
258,15,14,0.221,0.871,1,0.521851,9
259,21,11,0.207,0.875,1,0.753448,1
259,21,14,0.207,0.875,1,0.455414,2
261,11,1,0.221,0.875,1,0.485565,2
261,11,4,0.221,0.875,1,0.839355,0
261,11,6,0.221,0.875,1,0.803375,4
261,11,7,0.221,0.875,1,0.21817,6
261,11,10,0.221,0.875,1,0.945648,1
262,13,8,0.211,0.856,1,0.622437,2
262,13,10,0.211,0.856,1,0.898193,1
263,12,0,0.208,0.874,1,0.066742,2
263,12,6,0.208,0.874,1,0.981689,0
264,11,3,0.218,0.876,1,0.294495,0
264,11,6,0.218,0.876,1,0.353638,8
264,11,9,0.218,0.876,1,0.24823,7
265,3,2,0.199,0.879,1,0.808899,5
266,17,0,0.229,0.865,1,0.775146,4
266,17,4,0.229,0.865,1,0.219421,5
266,17,5,0.229,0.865,1,0.631134,1
266,17,6,0.229,0.865,1,0.35965,2
266,17,11,0.229,0.865,1,0.963867,3
267,11,7,0.24,0.865,1,0.600403,2
268,24,0,0.21,0.866,1,0.823883,4
268,24,5,0.21,0.866,1,0.411804,2
268,24,12,0.21,0.866,1,0.623749,8
268,24,15,0.21,0.866,1,0.49646,0
268,24,20,0.21,0.866,1,0.241364,6
268,24,23,0.21,0.866,1,0.829102,1
269,12,7,0.232,0.889,1,0.333649,6
271,8,7,0.187,0.863,1,0.644165,6
272,11,0,0.213,0.883,1,0.845398,5
272,11,1,0.213,0.883,1,0.252289,7
272,11,3,0.213,0.883,1,0.628967,3
272,11,5,0.213,0.883,1,0.206268,1
272,11,6,0.213,0.883,1,0.198303,0
272,11,8,0.213,0.883,1,0.772369,4
272,11,10,0.213,0.883,1,0.734711,6
273,20,14,0.224,0.882,1,0.24353,9
273,20,15,0.224,0.882,1,0.083252,2
273,20,18,0.224,0.882,1,0.743347,3
274,20,11,0.229,0.889,1,0.54776,1
274,20,15,0.229,0.889,1,0.741882,6
275,23,9,0.199,0.892,1,0.815094,1
275,23,10,0.199,0.892,1,0.89267,0
275,23,11,0.199,0.892,1,0.532166,2
275,23,14,0.199,0.892,1,0.843903,3
275,23,15,0.199,0.892,1,0.310638,9
275,23,16,0.199,0.892,1,0.273071,6
275,23,22,0.199,0.892,1,0.702209,7
276,2,0,0.222,0.888,1,0.297729,1
277,14,0,0.191,0.869,1,0.462067,6
277,14,1,0.191,0.869,1,0.177551,7
277,14,7,0.191,0.869,1,0.786316,5
277,14,12,0.191,0.869,1,0.934631,1
278,42,2,0.201,0.883,1,0.93927,7
278,42,3,0.201,0.883,1,0.33136,1
278,42,4,0.201,0.883,1,0.447357,6
278,42,5,0.201,0.883,1,0.341583,9
278,42,12,0.201,0.883,1,0.209229,4
278,42,24,0.201,0.883,1,0.276611,5
278,42,26,0.201,0.883,1,0.195282,3
278,42,32,0.201,0.883,1,0.461761,0
278,42,33,0.201,0.883,1,0.573425,2
278,42,34,0.201,0.883,1,0.951355,8
278,42,38,0.201,0.883,1,0.634033,8
279,7,1,0.232,0.868,1,0.217316,4
280,4,2,0.217,0.865,1,0.337372,4
281,11,2,0.226,0.865,1,0.380066,4
281,11,7,0.226,0.865,1,0.513184,0
282,10,0,0.195,0.878,1,0.312897,0
282,10,1,0.195,0.878,1,0.932007,9
282,10,5,0.195,0.878,1,0.267456,3
283,14,1,0.215,0.875,1,0.891174,0
283,14,7,0.215,0.875,1,0.371429,9
283,14,11,0.215,0.875,1,0.125549,1
283,14,13,0.215,0.875,1,0.05481,3
285,15,5,0.2,0.871,1,0.965729,1
285,15,9,0.2,0.871,1,0.16394,9
285,15,10,0.2,0.871,1,0.564636,0
286,18,9,0.221,0.863,1,0.384705,6
287,28,8,0.206,0.865,1,0.267761,4
287,28,16,0.206,0.865,1,0.509216,9
287,28,23,0.206,0.865,1,0.361633,0
287,28,25,0.206,0.865,1,0.386383,8
287,28,26,0.206,0.865,1,0.613983,7
288,8,2,0.218,0.89,1,0.143738,0
288,8,6,0.218,0.89,1,0.971466,7
289,18,3,0.214,0.877,1,0.348419,0
289,18,6,0.214,0.877,1,0.821991,6
289,18,8,0.214,0.877,1,0.155396,4
289,18,11,0.214,0.877,1,0.530548,9
289,18,12,0.214,0.877,1,0.85553,8
290,14,0,0.215,0.864,1,0.318237,9
290,14,2,0.215,0.864,1,0.770447,3
291,11,1,0.196,0.868,1,0.004028,9
291,11,5,0.196,0.868,1,0.122894,0
291,11,6,0.196,0.868,1,0.005524,4
292,21,4,0.224,0.869,1,0.099335,5
292,21,6,0.224,0.869,1,0.389648,1
292,21,12,0.224,0.869,1,0.867249,4
292,21,18,0.224,0.869,1,0.372528,2
293,14,5,0.217,0.867,1,0.721741,2
293,14,9,0.217,0.867,1,0.594604,1
293,14,12,0.217,0.867,1,0.16684,5
294,17,0,0.223,0.876,1,0.735992,6
294,17,3,0.223,0.876,1,0.675018,9
294,17,9,0.223,0.876,1,0.819702,2
294,17,15,0.223,0.876,1,0.249146,3
295,11,3,0.244,0.874,1,0.171234,1
295,11,4,0.244,0.874,1,0.179901,9
295,11,9,0.244,0.874,1,0.796509,6
296,7,0,0.225,0.854,1,0.346558,9
296,7,1,0.225,0.854,1,0.342194,2
298,27,0,0.223,0.872,1,0.067963,3
298,27,4,0.223,0.872,1,0.391785,1
298,27,6,0.223,0.872,1,0.006317,0
298,27,11,0.223,0.872,1,0.026459,8
298,27,12,0.223,0.872,1,0.514618,9
298,27,14,0.223,0.872,1,0.887451,4
299,5,4,0.225,0.858,1,0.824432,0
300,20,1,0.203,0.888,1,0.187408,4
300,20,2,0.203,0.888,1,0.169159,6
300,20,4,0.203,0.888,1,0.548828,9
300,20,14,0.203,0.888,1,0.351746,8
300,20,17,0.203,0.888,1,0.159027,0
301,23,8,0.211,0.871,1,0.258301,8
301,23,15,0.211,0.871,1,0.701416,5
301,23,16,0.211,0.871,1,0.353821,0
302,20,13,0.219,0.871,1,0.361572,6
302,20,15,0.219,0.871,1,0.39682,4
302,20,16,0.219,0.871,1,0.711334,9
303,28,0,0.221,0.867,1,0.234344,9
303,28,1,0.221,0.867,1,0.77298,3
303,28,6,0.221,0.867,1,0.835754,1
303,28,9,0.221,0.867,1,0.068665,4
303,28,13,0.221,0.867,1,0.245575,2
303,28,21,0.221,0.867,1,0.257904,0
303,28,24,0.221,0.867,1,0.485809,5
303,28,25,0.221,0.867,1,0.785339,7
303,28,26,0.221,0.867,1,0.393158,6
304,20,0,0.198,0.877,1,0.525482,9
304,20,8,0.198,0.877,1,0.374451,4
304,20,10,0.198,0.877,1,0.269562,5
304,20,11,0.198,0.877,1,0.151825,8
304,20,14,0.198,0.877,1,0.003876,2
305,13,4,0.201,0.887,1,0.195618,0
306,22,2,0.22,0.845,1,0.218384,0
306,22,5,0.22,0.845,1,0.740814,4
306,22,8,0.22,0.845,1,0.623444,6
306,22,10,0.22,0.845,1,0.426544,9
306,22,14,0.22,0.845,1,0.348022,2
307,8,2,0.183,0.891,1,0.632111,4
308,15,6,0.2,0.868,1,0.542358,2
309,18,4,0.217,0.888,1,0.395721,2
309,18,6,0.217,0.888,1,0.979248,1
309,18,7,0.217,0.888,1,0.543152,3
309,18,8,0.217,0.888,1,0.364716,9
309,18,11,0.217,0.888,1,0.839569,6
309,18,16,0.217,0.888,1,0.684265,0
311,16,0,0.233,0.879,1,0.181702,3
311,16,3,0.233,0.879,1,0.772766,1
311,16,5,0.233,0.879,1,0.008331,0
311,16,11,0.233,0.879,1,0.652191,5
311,16,12,0.233,0.879,1,0.433258,8
311,16,14,0.233,0.879,1,0.682587,2
313,19,3,0.211,0.869,1,0.319733,5
313,19,5,0.211,0.869,1,0.66925,0
313,19,9,0.211,0.869,1,0.687408,6
313,19,11,0.211,0.869,1,0.847565,2
313,19,12,0.211,0.869,1,0.384125,3
313,19,13,0.211,0.869,1,0.983704,1
313,19,15,0.211,0.869,1,0.096527,9
313,19,18,0.211,0.869,1,0.182037,4
314,13,0,0.21,0.87,1,0.508667,1
314,13,1,0.21,0.87,1,0.77829,0
314,13,8,0.21,0.87,1,0.917297,8
314,13,11,0.21,0.87,1,0.820404,3
314,13,12,0.21,0.87,1,0.151794,9
315,20,3,0.221,0.871,1,0.949646,1
315,20,4,0.221,0.871,1,0.930328,3
315,20,6,0.221,0.871,1,0.55307,2
315,20,9,0.221,0.871,1,0.924591,0
315,20,19,0.221,0.871,1,0.459534,4
317,17,1,0.231,0.863,1,0.460693,4
317,17,2,0.231,0.863,1,0.24881,0
317,17,5,0.231,0.863,1,0.156525,3
317,17,13,0.231,0.863,1,0.915833,9
317,17,14,0.231,0.863,1,0.481262,1
317,17,15,0.231,0.863,1,0.260529,8
318,20,6,0.218,0.888,1,0.680237,9
318,20,7,0.218,0.888,1,0.263153,3
318,20,11,0.218,0.888,1,0.830994,0
320,19,1,0.226,0.876,1,0.804932,0
320,19,11,0.226,0.876,1,0.545685,3
320,19,13,0.226,0.876,1,0.753021,9
321,19,6,0.204,0.882,1,0.332947,1
321,19,8,0.204,0.882,1,0.594635,2
322,17,1,0.247,0.885,1,0.524872,1
322,17,9,0.247,0.885,1,0.527618,6
322,17,10,0.247,0.885,1,0.90921,5
322,17,14,0.247,0.885,1,0.229584,7
323,16,1,0.226,0.87,1,0.312683,6
323,16,3,0.226,0.87,1,0.205719,1
323,16,7,0.226,0.87,1,0.431549,5
323,16,14,0.226,0.87,1,0.643585,8
323,16,15,0.226,0.87,1,0.928741,2
324,12,3,0.218,0.865,1,0.034119,5
325,11,7,0.213,0.872,1,0.331207,4
325,11,8,0.213,0.872,1,0.843475,1
326,18,1,0.195,0.874,1,0.563538,2
326,18,2,0.195,0.874,1,0.457977,1
326,18,9,0.195,0.874,1,0.130341,6
327,10,2,0.223,0.877,1,0.896667,9
327,10,9,0.223,0.877,1,0.646606,6
328,8,1,0.204,0.87,1,0.43457,5
328,8,4,0.204,0.87,1,0.555664,7
329,9,3,0.218,0.884,1,0.435699,5
329,9,5,0.218,0.884,1,0.254822,8
329,9,7,0.218,0.884,1,0.7388,2
329,9,8,0.218,0.884,1,0.973206,0
330,17,1,0.217,0.878,1,0.255066,0
330,17,2,0.217,0.878,1,0.615417,5
330,17,5,0.217,0.878,1,0.476776,8
330,17,7,0.217,0.878,1,0.89151,3
330,17,10,0.217,0.878,1,0.982056,9
331,9,3,0.2,0.866,1,0.076202,3
331,9,5,0.2,0.866,1,0.749023,9
332,12,4,0.217,0.881,1,0.11673,0
332,12,6,0.217,0.881,1,0.75235,8
333,26,5,0.245,0.876,1,0.9104,3
333,26,23,0.245,0.876,1,0.666565,9
334,14,0,0.215,0.881,1,0.88739,3
334,14,13,0.215,0.881,1,0.805481,1
335,12,4,0.203,0.885,1,0.962891,3
336,25,0,0.234,0.88,1,0.016205,3
336,25,1,0.234,0.88,1,0.151825,9
336,25,8,0.234,0.88,1,0.684967,1
336,25,16,0.234,0.88,1,0.169006,2
336,25,24,0.234,0.88,1,0.538361,0
338,18,4,0.216,0.873,1,0.430695,0
338,18,5,0.216,0.873,1,0.044342,6
338,18,16,0.216,0.873,1,0.382294,4
339,17,0,0.199,0.879,1,0.324951,6
339,17,5,0.199,0.879,1,0.942108,9
339,17,8,0.199,0.879,1,0.345978,4
339,17,12,0.199,0.879,1,0.411133,2
339,17,14,0.199,0.879,1,0.509399,0
339,17,16,0.199,0.879,1,0.203522,1
340,13,4,0.198,0.872,1,0.972687,6
340,13,8,0.198,0.872,1,0.72052,5
340,13,9,0.198,0.872,1,0.126038,8
341,11,0,0.197,0.878,1,0.40863,5
341,11,7,0.197,0.878,1,0.692902,8
341,11,9,0.197,0.878,1,0.787811,2
342,17,0,0.221,0.882,1,0.00589,0
342,17,3,0.221,0.882,1,0.195831,4
342,17,8,0.221,0.882,1,0.006836,8
343,8,1,0.211,0.867,1,0.101318,3
343,8,3,0.211,0.867,1,0.802795,9
343,8,4,0.211,0.867,1,0.204559,0
344,12,2,0.224,0.873,1,0.873199,0
344,12,6,0.224,0.873,1,0.817932,8
344,12,10,0.224,0.873,1,0.42038,9
344,12,11,0.224,0.873,1,0.428284,3
345,18,3,0.233,0.881,1,0.81076,9
345,18,5,0.233,0.881,1,0.079376,0
345,18,6,0.233,0.881,1,0.751526,8
345,18,15,0.233,0.881,1,0.025024,3
346,6,3,0.212,0.887,1,0.640778,9
346,6,4,0.212,0.887,1,0.398132,1
346,6,5,0.212,0.887,1,0.426788,2
347,6,1,0.212,0.855,1,0.236023,0
347,6,4,0.212,0.855,1,0.789246,3
347,6,5,0.212,0.855,1,0.819977,9
348,9,1,0.208,0.861,1,0.154419,0
348,9,8,0.208,0.861,1,0.68277,3
349,13,9,0.207,0.875,1,0.658844,0
349,13,10,0.207,0.875,1,0.610229,6
350,25,6,0.22,0.868,1,0.248413,4
351,10,3,0.218,0.859,1,0.393829,6
351,10,8,0.218,0.859,1,0.15863,1
352,11,6,0.212,0.889,1,0.099304,1
352,11,7,0.212,0.889,1,0.869781,5
354,17,1,0.215,0.867,1,0.514954,5
354,17,7,0.215,0.867,1,0.62854,6
354,17,12,0.215,0.867,1,0.04126,9
354,17,13,0.215,0.867,1,0.340515,4
355,18,0,0.221,0.873,1,0.286041,8
355,18,4,0.221,0.873,1,0.683685,3
355,18,14,0.221,0.873,1,0.833405,9
355,18,17,0.221,0.873,1,0.424225,1
356,14,0,0.211,0.865,1,0.634003,6
356,14,2,0.211,0.865,1,0.478943,5
356,14,9,0.211,0.865,1,0.113068,1
356,14,10,0.211,0.865,1,0.879456,7
356,14,12,0.211,0.865,1,0.803558,3
357,22,1,0.225,0.878,1,0.451019,1
357,22,6,0.225,0.878,1,0.94043,0
357,22,12,0.225,0.878,1,0.038971,4
357,22,21,0.225,0.878,1,0.99765,9
358,15,3,0.249,0.888,1,0.626007,4
358,15,5,0.249,0.888,1,0.817566,0
358,15,8,0.249,0.888,1,0.689331,9
358,15,12,0.249,0.888,1,0.88382,3
359,14,0,0.211,0.868,1,0.318268,1
359,14,10,0.211,0.868,1,0.782837,6
361,15,0,0.234,0.869,1,0.891632,9
361,15,5,0.234,0.869,1,0.021698,6
361,15,6,0.234,0.869,1,0.11618,4
361,15,8,0.234,0.869,1,0.65155,0
361,15,9,0.234,0.869,1,0.370697,3
361,15,10,0.234,0.869,1,0.884949,1
361,15,12,0.234,0.869,1,0.912476,8
364,20,3,0.244,0.875,1,0.407318,9
364,20,7,0.244,0.875,1,0.669922,1
364,20,11,0.244,0.875,1,0.529572,6
364,20,18,0.244,0.875,1,0.099792,4
365,2,1,0.196,0.87,1,0.771179,6
367,22,2,0.248,0.873,1,0.140045,5
367,22,3,0.248,0.873,1,0.262085,8
367,22,9,0.248,0.873,1,0.093597,3
367,22,18,0.248,0.873,1,0.615234,9
367,22,21,0.248,0.873,1,0.217316,1
369,21,7,0.222,0.891,1,0.510315,0
369,21,16,0.222,0.891,1,0.863159,8
371,18,4,0.22,0.864,1,0.980286,0
371,18,5,0.22,0.864,1,0.693878,8
371,18,8,0.22,0.864,1,0.885162,3
371,18,9,0.22,0.864,1,0.371033,9
371,18,17,0.22,0.864,1,0.667603,4
372,13,2,0.205,0.871,1,0.328796,9
372,13,7,0.205,0.871,1,0.417908,3
372,13,8,0.205,0.871,1,0.403412,1
372,13,10,0.205,0.871,1,0.151764,0
373,17,7,0.232,0.879,1,0.493042,0
373,17,11,0.232,0.879,1,0.161346,4
373,17,12,0.232,0.879,1,0.523346,6
373,17,13,0.232,0.879,1,0.741241,9
373,17,16,0.232,0.879,1,0.899933,8
374,20,5,0.23,0.858,1,0.32782,4
374,20,6,0.23,0.858,1,0.853058,5
374,20,11,0.23,0.858,1,0.04422,8
374,20,12,0.23,0.858,1,0.61676,2
374,20,14,0.23,0.858,1,0.191467,0
374,20,15,0.23,0.858,1,0.412292,7
374,20,19,0.23,0.858,1,0.787567,3
375,13,0,0.214,0.856,1,0.96994,0
375,13,2,0.214,0.856,1,0.965088,9
375,13,9,0.214,0.856,1,0.762238,1
375,13,11,0.214,0.856,1,0.405762,4
376,20,10,0.223,0.875,1,0.864746,1
376,20,17,0.223,0.875,1,0.296844,5
376,20,19,0.223,0.875,1,0.43457,6
377,9,5,0.22,0.866,1,0.886688,9
377,9,8,0.22,0.866,1,0.940521,4
378,23,8,0.219,0.875,1,0.867645,9
378,23,10,0.219,0.875,1,0.13916,4
378,23,11,0.219,0.875,1,0.191345,5
378,23,13,0.219,0.875,1,0.338959,8
378,23,20,0.219,0.875,1,0.213135,2
379,8,6,0.201,0.875,1,0.099487,0
380,12,2,0.22,0.869,1,0.561615,0
380,12,5,0.22,0.869,1,0.723053,5
381,19,7,0.23,0.858,1,0.706268,7
381,19,13,0.23,0.858,1,0.241974,1
382,16,0,0.211,0.867,1,0.79361,1
382,16,1,0.211,0.867,1,0.787628,0
382,16,4,0.211,0.867,1,0.923523,4
382,16,9,0.211,0.867,1,0.728973,2
383,3,1,0.197,0.871,1,0.927948,0
384,7,6,0.239,0.878,1,0.18985,0
385,3,2,0.235,0.876,1,0.872986,0
387,8,4,0.207,0.851,1,0.750275,4
388,8,3,0.217,0.885,1,0.054016,2
388,8,7,0.217,0.885,1,0.099762,8
389,19,2,0.198,0.899,1,0.652313,9
389,19,3,0.198,0.899,1,0.812836,3
389,19,6,0.198,0.899,1,0.399139,1
390,20,2,0.215,0.871,1,0.15448,0
390,20,5,0.215,0.871,1,0.835388,4
390,20,15,0.215,0.871,1,0.529175,6
390,20,17,0.215,0.871,1,0.728516,9
391,18,5,0.243,0.879,1,0.830444,4
391,18,10,0.243,0.879,1,0.604736,0
391,18,15,0.243,0.879,1,0.791931,6
392,5,3,0.235,0.882,1,0.840454,4
393,14,0,0.226,0.881,1,0.533539,4
393,14,1,0.226,0.881,1,0.816193,6
393,14,2,0.226,0.881,1,0.942017,9
393,14,7,0.226,0.881,1,0.756439,8
393,14,8,0.226,0.881,1,0.896088,2
394,27,1,0.223,0.874,1,0.525909,6
394,27,7,0.223,0.874,1,0.890656,4
394,27,9,0.223,0.874,1,0.873901,9
394,27,11,0.223,0.874,1,0.838989,2
394,27,13,0.223,0.874,1,0.641632,1
394,27,19,0.223,0.874,1,0.852356,5
395,13,0,0.229,0.877,1,0.299988,5
396,14,1,0.203,0.872,1,0.255798,5
396,14,6,0.203,0.872,1,0.547516,8
396,14,9,0.203,0.872,1,0.684906,3
398,5,3,0.239,0.879,1,0.207275,9
398,5,4,0.239,0.879,1,0.613831,0
399,16,0,0.194,0.877,1,0.23822,0
399,16,4,0.194,0.877,1,0.433441,4
400,16,1,0.23,0.878,1,0.086426,1
400,16,12,0.23,0.878,1,0.055817,6
401,23,3,0.241,0.894,1,0.576965,5
401,23,7,0.241,0.894,1,0.42099,8
401,23,8,0.241,0.894,1,0.451202,2
401,23,13,0.241,0.894,1,0.183502,0
401,23,18,0.241,0.894,1,0.075531,4
401,23,19,0.241,0.894,1,0.900024,6
401,23,20,0.241,0.894,1,0.152832,1
401,23,21,0.241,0.894,1,0.304535,7
402,14,0,0.203,0.862,1,0.262329,5
402,14,3,0.203,0.862,1,0.735901,6
402,14,9,0.203,0.862,1,0.104492,7
402,14,10,0.203,0.862,1,0.378906,1
403,8,0,0.24,0.862,1,0.106659,0
403,8,2,0.24,0.862,1,0.314484,2
403,8,6,0.24,0.862,1,0.21106,4
404,14,0,0.204,0.852,1,0.058624,2
404,14,2,0.204,0.852,1,0.766205,0
404,14,5,0.204,0.852,1,0.180237,6
404,14,7,0.204,0.852,1,0.61319,4
404,14,8,0.204,0.852,1,0.432922,9
405,22,1,0.185,0.883,1,0.898285,4
405,22,4,0.185,0.883,1,0.482574,0
405,22,5,0.185,0.883,1,0.144318,3
405,22,7,0.185,0.883,1,0.250946,9
405,22,10,0.185,0.883,1,0.67926,1
405,22,12,0.185,0.883,1,0.787506,6
406,24,0,0.214,0.872,1,0.447998,9
407,9,7,0.207,0.876,1,0.88974,9
408,9,3,0.221,0.886,1,0.75235,9
408,9,4,0.221,0.886,1,0.618408,2
408,9,8,0.221,0.886,1,0.045868,3
409,22,1,0.223,0.859,1,0.256866,1
409,22,2,0.223,0.859,1,0.040222,0
409,22,4,0.223,0.859,1,0.634155,4
409,22,11,0.223,0.859,1,0.618683,2
409,22,14,0.223,0.859,1,0.403473,8
409,22,15,0.223,0.859,1,0.330963,3
410,17,2,0.249,0.872,1,0.987183,9
410,17,6,0.249,0.872,1,0.891022,1
410,17,10,0.249,0.872,1,0.055664,0
410,17,13,0.249,0.872,1,0.193451,6
410,17,15,0.249,0.872,1,0.574646,4
410,17,16,0.249,0.872,1,0.870056,2
411,17,3,0.214,0.871,1,0.140778,2
411,17,5,0.214,0.871,1,0.177887,4
411,17,14,0.214,0.871,1,0.14212,5
412,20,3,0.199,0.87,1,0.04599,8
412,20,7,0.199,0.87,1,0.739319,3
412,20,18,0.199,0.87,1,0.395172,9
413,12,5,0.205,0.887,1,0.132568,9
413,12,7,0.205,0.887,1,0.354858,0
414,10,2,0.223,0.874,1,0.760315,6
414,10,7,0.223,0.874,1,0.452057,4
415,18,2,0.223,0.861,1,0.278168,6
415,18,3,0.223,0.861,1,0.561523,5
415,18,4,0.223,0.861,1,0.083191,1
415,18,10,0.223,0.861,1,0.421265,7
417,15,2,0.214,0.88,1,0.963196,6
417,15,3,0.214,0.88,1,0.224274,7
417,15,6,0.214,0.88,1,0.883331,5
417,15,13,0.214,0.88,1,0.606995,1
418,22,6,0.232,0.88,1,0.997192,0
418,22,13,0.232,0.88,1,0.452637,2
418,22,16,0.232,0.88,1,0.247528,4
418,22,20,0.232,0.88,1,0.329529,9
419,17,0,0.194,0.883,1,0.291107,4
419,17,11,0.194,0.883,1,0.19519,0
419,17,12,0.194,0.883,1,0.282684,6
419,17,13,0.194,0.883,1,0.052277,9
419,17,16,0.194,0.883,1,0.296967,8
420,14,4,0.202,0.885,1,0.444946,4
420,14,5,0.202,0.885,1,0.13031,0
422,17,10,0.207,0.881,1,0.402557,0
422,17,12,0.207,0.881,1,0.068634,7
423,13,0,0.212,0.846,1,0.750427,0
423,13,1,0.212,0.846,1,0.87674,7
423,13,2,0.212,0.846,1,0.057617,3
423,13,9,0.212,0.846,1,0.489929,1
424,11,1,0.223,0.878,1,0.734222,6
424,11,2,0.223,0.878,1,0.438354,9
424,11,7,0.223,0.878,1,0.988464,4
424,11,10,0.223,0.878,1,0.095917,5
425,16,1,0.222,0.869,1,0.42627,9
425,16,9,0.222,0.869,1,0.380676,2
425,16,12,0.222,0.869,1,0.731781,3
426,17,7,0.189,0.886,1,0.899841,1
426,17,13,0.189,0.886,1,0.923615,9
427,7,0,0.215,0.88,1,0.973145,1
427,7,2,0.215,0.88,1,0.266266,9
427,7,3,0.215,0.88,1,0.664459,3
427,7,6,0.215,0.88,1,0.414642,6
429,10,0,0.224,0.889,1,0.871887,1
429,10,5,0.224,0.889,1,0.418671,6
430,25,1,0.234,0.887,1,0.658325,5
430,25,2,0.234,0.887,1,0.824738,8
430,25,10,0.234,0.887,1,0.809143,3
430,25,12,0.234,0.887,1,0.701111,9
430,25,14,0.234,0.887,1,0.026947,1
430,25,20,0.234,0.887,1,0.275604,0
430,25,24,0.234,0.887,1,0.064087,6
431,7,4,0.221,0.874,1,0.742676,6
432,17,13,0.213,0.86,1,0.129089,6
433,11,2,0.214,0.889,1,0.588623,1
433,11,8,0.214,0.889,1,0.455872,5
433,11,9,0.214,0.889,1,0.643768,8
436,20,15,0.195,0.875,1,0.302643,5
436,20,18,0.195,0.875,1,0.32663,8
437,16,3,0.208,0.857,1,0.750732,8
437,16,12,0.208,0.857,1,0.676086,3
438,10,3,0.211,0.873,1,0.378143,9
438,10,9,0.211,0.873,1,0.080902,1
439,20,0,0.202,0.855,1,0.628601,2
439,20,4,0.202,0.855,1,0.272827,3
439,20,8,0.202,0.855,1,0.939606,1
439,20,17,0.202,0.855,1,0.671082,9
440,14,0,0.239,0.856,1,0.427307,0
440,14,1,0.239,0.856,1,0.189758,6
442,20,0,0.212,0.885,1,0.515411,4
442,20,11,0.212,0.885,1,0.489868,6
442,20,14,0.212,0.885,1,0.346893,1
442,20,16,0.212,0.885,1,0.50177,5
442,20,17,0.212,0.885,1,0.257446,8
442,20,18,0.212,0.885,1,0.662384,7
443,11,1,0.21,0.886,1,0.983459,5
443,11,3,0.21,0.886,1,0.739838,8
443,11,6,0.21,0.886,1,0.471039,7
444,21,2,0.225,0.905,1,0.351959,5
444,21,7,0.225,0.905,1,0.99469,8
444,21,8,0.225,0.905,1,0.694916,2
444,21,12,0.225,0.905,1,0.73996,0
444,21,18,0.225,0.905,1,0.612579,3
445,7,3,0.225,0.868,1,0.570221,0
446,7,0,0.23,0.878,1,0.614136,0
446,7,4,0.23,0.878,1,0.818237,3
447,5,0,0.225,0.89,1,0.797791,0
447,5,1,0.225,0.89,1,0.449158,6
447,5,4,0.225,0.89,1,0.908569,1
449,14,1,0.212,0.878,1,0.24762,1
451,12,3,0.224,0.874,1,0.651154,6
452,14,6,0.217,0.875,1,0.665009,6
452,14,7,0.217,0.875,1,0.949738,5
452,14,12,0.217,0.875,1,0.63913,7
456,19,2,0.19,0.88,1,0.48288,5
456,19,6,0.19,0.88,1,0.655548,7
456,19,11,0.19,0.88,1,0.992065,1
457,8,4,0.186,0.879,1,0.0961,1
459,22,0,0.238,0.852,1,0.325623,0
459,22,1,0.238,0.852,1,0.627625,3
459,22,13,0.238,0.852,1,0.76123,1
459,22,17,0.238,0.852,1,0.825195,9
459,22,18,0.238,0.852,1,0.112976,2
460,3,2,0.218,0.87,1,0.737305,3
461,27,0,0.221,0.869,1,0.948883,1
461,27,3,0.221,0.869,1,0.511139,9
461,27,7,0.221,0.869,1,0.418884,3
461,27,9,0.221,0.869,1,0.814667,6
461,27,11,0.221,0.869,1,0.550385,4
461,27,13,0.221,0.869,1,0.609741,0
461,27,16,0.221,0.869,1,0.931061,2
461,27,19,0.221,0.869,1,0.341644,8
461,27,23,0.221,0.869,1,0.399597,7
462,3,2,0.213,0.876,1,0.555634,6
463,4,0,0.234,0.873,1,0.798615,9
463,4,1,0.234,0.873,1,0.427551,4
464,17,0,0.227,0.885,1,0.026001,4
464,17,1,0.227,0.885,1,0.081879,0
464,17,2,0.227,0.885,1,0.17514,6
464,17,5,0.227,0.885,1,0.368103,1
464,17,7,0.227,0.885,1,0.684906,2
464,17,10,0.227,0.885,1,0.681274,8
464,17,13,0.227,0.885,1,0.649109,7
464,17,16,0.227,0.885,1,0.796631,5
465,26,5,0.211,0.873,1,0.601624,4
465,26,7,0.211,0.873,1,0.82901,1
465,26,8,0.211,0.873,1,0.053436,5
465,26,11,0.211,0.873,1,0.281738,8
465,26,22,0.211,0.873,1,0.658203,7
466,22,2,0.201,0.874,1,0.602783,2
466,22,4,0.201,0.874,1,0.090668,0
466,22,13,0.201,0.874,1,0.873993,7
466,22,14,0.201,0.874,1,0.215942,8
468,21,3,0.212,0.868,1,0.522705,7
468,21,5,0.212,0.868,1,0.818665,2
468,21,12,0.212,0.868,1,0.233368,6
469,12,0,0.193,0.873,1,0.042847,2
469,12,2,0.193,0.873,1,0.257019,3
469,12,4,0.193,0.873,1,0.373566,1
470,12,11,0.227,0.879,1,0.071838,1
471,8,1,0.229,0.87,1,0.198181,0
471,8,5,0.229,0.87,1,0.450043,8
471,8,7,0.229,0.87,1,0.356812,3
472,14,7,0.218,0.88,1,0.703156,0
472,14,11,0.218,0.88,1,0.758545,9
473,11,1,0.211,0.883,1,0.103882,1
473,11,2,0.211,0.883,1,0.263367,3
473,11,7,0.211,0.883,1,0.836884,9
474,28,7,0.209,0.889,1,0.126556,0
474,28,8,0.209,0.889,1,0.039917,8
474,28,9,0.209,0.889,1,0.922668,3
474,28,17,0.209,0.889,1,0.539276,9
474,28,25,0.209,0.889,1,0.590546,4
475,38,0,0.197,0.882,1,0.144104,4
475,38,19,0.197,0.882,1,0.383179,5
475,38,29,0.197,0.882,1,0.153809,8
477,23,4,0.234,0.874,1,0.747406,3
477,23,6,0.234,0.874,1,0.684418,9
477,23,12,0.234,0.874,1,0.814423,1
477,23,16,0.234,0.874,1,0.626099,2
477,23,18,0.234,0.874,1,0.328552,0
477,23,21,0.234,0.874,1,0.885803,8
478,18,1,0.199,0.877,1,0.450806,3
478,18,4,0.199,0.877,1,0.26239,0
479,13,8,0.22,0.864,1,0.652161,0
480,10,0,0.24,0.897,1,0.268707,0
480,10,6,0.24,0.897,1,0.284851,6
481,20,1,0.219,0.871,1,0.650482,4
481,20,6,0.219,0.871,1,0.082947,6
481,20,7,0.219,0.871,1,0.989044,2
481,20,10,0.219,0.871,1,0.426605,1
481,20,17,0.219,0.871,1,0.112305,0
482,7,2,0.225,0.885,1,0.654633,6
482,7,4,0.225,0.885,1,0.307587,4
483,18,7,0.244,0.874,1,0.101501,4
484,13,11,0.203,0.879,1,0.099335,6
484,13,12,0.203,0.879,1,0.714203,1
485,14,1,0.22,0.873,1,0.306641,5
485,14,2,0.22,0.873,1,0.234955,7
485,14,5,0.22,0.873,1,0.343414,3
485,14,9,0.22,0.873,1,0.437836,9
485,14,11,0.22,0.873,1,0.888275,1
485,14,12,0.22,0.873,1,0.767548,2
486,15,1,0.188,0.887,1,0.416473,1
486,15,9,0.188,0.887,1,0.173004,2
487,19,1,0.233,0.87,1,0.711517,2
487,19,3,0.233,0.87,1,0.363983,0
487,19,7,0.233,0.87,1,0.005859,8
487,19,15,0.233,0.87,1,0.461792,7
487,19,18,0.233,0.87,1,0.169403,5
488,7,1,0.223,0.88,1,0.840759,4
488,7,4,0.223,0.88,1,0.0784,1
488,7,5,0.223,0.88,1,0.942291,2
489,15,6,0.24,0.877,1,0.937805,2
490,13,2,0.207,0.88,1,0.366486,2
490,13,8,0.207,0.88,1,0.45517,1
490,13,12,0.207,0.88,1,0.209106,3
492,16,4,0.24,0.889,1,0.381195,1
492,16,14,0.24,0.889,1,0.291748,0
493,9,3,0.204,0.87,1,0.893768,0
493,9,7,0.204,0.87,1,0.521271,3
494,18,11,0.226,0.86,1,0.59137,0
494,18,12,0.226,0.86,1,0.364716,4
494,18,16,0.226,0.86,1,0.456268,1
494,18,17,0.226,0.86,1,0.544678,6
495,18,3,0.198,0.882,1,0.31192,6
495,18,4,0.198,0.882,1,0.806976,5
495,18,7,0.198,0.882,1,0.205566,1
495,18,9,0.198,0.882,1,0.87854,7
495,18,11,0.198,0.882,1,0.171906,4
495,18,17,0.198,0.882,1,0.162628,2
496,11,0,0.2,0.882,1,0.34201,2
497,19,5,0.203,0.885,1,0.672211,0
497,19,10,0.203,0.885,1,0.839813,6
497,19,18,0.203,0.885,1,0.867157,4
498,33,1,0.216,0.866,1,0.041809,4
498,33,3,0.216,0.866,1,0.494781,9
498,33,11,0.216,0.866,1,0.031281,0
498,33,20,0.216,0.866,1,0.758911,8
498,33,21,0.216,0.866,1,0.800354,7
498,33,22,0.216,0.866,1,0.310669,5
498,33,24,0.216,0.866,1,0.498444,3
498,33,31,0.216,0.866,1,0.623505,1
499,7,6,0.226,0.87,1,0.858002,6